﻿{"cameraMode":{"drawMode":0,"name":"Shaded","section":"Shading Mode"},"sceneLighting":true,"audioPlay":false,"sceneViewState":{"showFog":true,"showMaterialUpdate":true,"showSkybox":true,"showFlares":true,"showImageEffects":true,"showParticleSystems":true},"in2DMode":false,"pivot":{"x":-21.539522171020509,"y":-7.782954216003418,"z":4.1177568435668949},"rotation":{"x":-0.27700671553611758,"y":0.02939048409461975,"z":-0.00847780890762806,"w":-0.960381031036377},"size":18.423789978027345,"orthographic":false}